{
  "questionnaire_id": "0",
  "page_background_color": [
    "0.9245",
    "0.9245",
    "0.9245",
    "0.8"
  ],
  "page_panel_color": [
    "0.76",
    "0.88",
    "1",
    "1"
  ],
  "highlight_color": [
    "0",
    "0.67",
    "1",
    "1"
  ],
  "background_transparency": "20",
  "show_bottom_panel": "True",
  "show_page_number": "True",
  "show_prev_button": "True",
  "qPages": [
    {
      "pId": "page1",
      "show_fullscreen_text": "True",
      "fullscreen_text": "Hello and welcome to the SUS Presence questionnaire.\n\nPlease answer the following question items.\n\nIf you have any questions, feel free to ask the study advisor.",
      "show_instruction_panel": "True",
      "instruction_text": "SUS Presence Questionnaire",
      "qItems": []
    },
    {
      "pId": "page2",
      "show_fullscreen_text": "False",
      "fullscreen_text": "",
      "show_instruction_panel": "True",
      "instruction_text": "Please answer all 6 questions by clicking a point on the scale \nthat best represents your experience with the task in the virtual environment (VE).",
      "qItems": [
        {
          "qId": "q1",
          "qType": "linear_scale",
          "question": "",
          "header_name": "Item 1",
          "mandatory": "True",
          "options": [
            {
              "answer_value": "1",
              "answer_option": "Not at all"
            },
            {
              "answer_value": "2",
              "answer_option": ""
            },
            {
              "answer_value": "3",
              "answer_option": ""
            },
            {
              "answer_value": "4",
              "answer_option": ""
            },
            {
              "answer_value": "5",
              "answer_option": ""
            },
            {
              "answer_value": "6",
              "answer_option": ""
            },
            {
              "answer_value": "7",
              "answer_option": "Very much"
            }
          ]
        },
        {
          "qId": "q2",
          "qType": "linear_scale",
          "question": "",
          "header_name": "Item 1(Clone)",
          "mandatory": "True",
          "options": [
            {
              "answer_value": "1",
              "answer_option": "At no time"
            },
            {
              "answer_value": "2",
              "answer_option": ""
            },
            {
              "answer_value": "3",
              "answer_option": ""
            },
            {
              "answer_value": "4",
              "answer_option": ""
            },
            {
              "answer_value": "5",
              "answer_option": ""
            },
            {
              "answer_value": "6",
              "answer_option": ""
            },
            {
              "answer_value": "7",
              "answer_option": "Almost all the time"
            }
          ]
        },
        {
          "qId": "q3",
          "qType": "linear_scale",
          "question": "",
          "header_name": "Item 1(Clone)",
          "mandatory": "True",
          "options": [
            {
              "answer_value": "1",
              "answer_option": "Images I saw"
            },
            {
              "answer_value": "2",
              "answer_option": ""
            },
            {
              "answer_value": "3",
              "answer_option": ""
            },
            {
              "answer_value": "4",
              "answer_option": ""
            },
            {
              "answer_value": "5",
              "answer_option": ""
            },
            {
              "answer_value": "6",
              "answer_option": ""
            },
            {
              "answer_value": "7",
              "answer_option": "Somewhere I visited"
            }
          ]
        },
        {
          "qId": "q4",
          "qType": "linear_scale",
          "question": "",
          "header_name": "Item 1(Clone)",
          "mandatory": "True",
          "options": [
            {
              "answer_value": "1",
              "answer_option": "Being elsewhere"
            },
            {
              "answer_value": "2",
              "answer_option": ""
            },
            {
              "answer_value": "3",
              "answer_option": ""
            },
            {
              "answer_value": "4",
              "answer_option": ""
            },
            {
              "answer_value": "5",
              "answer_option": ""
            },
            {
              "answer_value": "6",
              "answer_option": ""
            },
            {
              "answer_value": "7",
              "answer_option": "Being in the VE"
            }
          ]
        },
        {
          "qId": "q5",
          "qType": "linear_scale",
          "question": "",
          "header_name": "Item 1(Clone)",
          "mandatory": "True",
          "options": [
            {
              "answer_value": "1",
              "answer_option": "Not at all"
            },
            {
              "answer_value": "2",
              "answer_option": ""
            },
            {
              "answer_value": "3",
              "answer_option": ""
            },
            {
              "answer_value": "4",
              "answer_option": ""
            },
            {
              "answer_value": "5",
              "answer_option": ""
            },
            {
              "answer_value": "6",
              "answer_option": ""
            },
            {
              "answer_value": "7",
              "answer_option": "Very much"
            }
          ]
        },
        {
          "qId": "q6",
          "qType": "linear_scale",
          "question": "",
          "header_name": "Item 1(Clone)",
          "mandatory": "True",
          "options": [
            {
              "answer_value": "1",
              "answer_option": "Not very often"
            },
            {
              "answer_value": "2",
              "answer_option": ""
            },
            {
              "answer_value": "3",
              "answer_option": ""
            },
            {
              "answer_value": "4",
              "answer_option": ""
            },
            {
              "answer_value": "5",
              "answer_option": ""
            },
            {
              "answer_value": "6",
              "answer_option": ""
            },
            {
              "answer_value": "7",
              "answer_option": "Very much so"
            }
          ]
        }
      ]
    },
    {
      "pId": "page3",
      "show_fullscreen_text": "True",
      "fullscreen_text": "You have completed the questionnaire.\nPress Finish to submit your responses.\n\nThank you very much for taking part in the experiment! \nWe appreciate your time!",
      "show_instruction_panel": "True",
      "instruction_text": "SUS Presence Questionnaire",
      "qItems": []
    }
  ]
}